{
  "Profiles": [
    {
      "Right Option Key Sends" : 0,
      "Ansi 12 Color" : {
        "Red Component" : 0.057413246482610703,
        "Color Space" : "sRGB",
        "Blue Component" : 0.381683349609375,
        "Alpha Component" : 1,
        "Green Component" : 0.29048240184783936
      },
      "Tags" : [

      ],
      "Ansi 6 Color" : {
        "Red Component" : 0.20000004768371582,
        "Color Space" : "sRGB",
        "Blue Component" : 0.61960786581039429,
        "Alpha Component" : 1,
        "Green Component" : 0.52156859636306763
      },
      "Use Non-ASCII Font" : false,
      "Bold Color" : {
        "Red Component" : 0.87843149900436401,
        "Color Space" : "sRGB",
        "Blue Component" : 0.87843137979507446,
        "Alpha Component" : 1,
        "Green Component" : 0.87843137979507446
      },
      "Normal Font" : "RobotoMonoForPowerline-Regular 12",
      "Horizontal Spacing" : 0.9344350056475903,
      "Ansi 3 Color" : {
        "Red Component" : 0.92941182851791382,
        "Color Space" : "sRGB",
        "Blue Component" : 0.25882351398468018,
        "Alpha Component" : 1,
        "Green Component" : 0.70588243007659912
      },
      "Default Bookmark" : "No",
      "Rows" : 25,
      "Ansi 4 Color" : {
        "Red Component" : 0.098039247095584869,
        "Color Space" : "sRGB",
        "Blue Component" : 0.39999997615814209,
        "Alpha Component" : 1,
        "Green Component" : 0.32941174507141113
      },
      "Cursor Guide Color" : {
        "Red Component" : 0.70213186740875244,
        "Color Space" : "sRGB",
        "Blue Component" : 1,
        "Alpha Component" : 0.25,
        "Green Component" : 0.9268307089805603
      },
      "Non-ASCII Anti Aliased" : true,
      "Use Bright Bold" : true,
      "Ansi 10 Color" : {
        "Red Component" : 0.058427192270755768,
        "Color Space" : "sRGB",
        "Blue Component" : 0.20664186775684357,
        "Alpha Component" : 1,
        "Green Component" : 0.21337890625
      },
      "Ambiguous Double Width" : false,
      "Jobs to Ignore" : [
        "rlogin",
        "ssh",
        "slogin",
        "telnet"
      ],
      "Ansi 15 Color" : {
        "Red Component" : 0.82745099067687988,
        "Color Space" : "sRGB",
        "Blue Component" : 0.91372549533843994,
        "Alpha Component" : 1,
        "Green Component" : 0.92156863212585449
      },
      "Foreground Color" : {
        "Red Component" : 0.60000008344650269,
        "Color Space" : "sRGB",
        "Blue Component" : 0.80784320831298828,
        "Alpha Component" : 1,
        "Green Component" : 0.81960791349411011
      },
      "Working Directory" : "\/Users\/j7z",
      "Blinking Cursor" : false,
      "Disable Window Resizing" : true,
      "Prompt Before Closing 2" : false,
      "Description" : "Default",
      "BM Growl" : true,
      "Command" : "",
      "Mouse Reporting" : true,
      "Sync Title" : false,
      "Screen" : -1,
      "Selection Color" : {
        "Red Component" : 0.14117646217346191,
        "Color Space" : "sRGB",
        "Blue Component" : 0.38039213418960571,
        "Alpha Component" : 1,
        "Green Component" : 0.32549014687538147
      },
      "Columns" : 80,
      "Idle Code" : 0,
      "Ansi 13 Color" : {
        "Red Component" : 0.533333420753479,
        "Color Space" : "sRGB",
        "Blue Component" : 0.65098041296005249,
        "Alpha Component" : 1,
        "Green Component" : 0.54901957511901855
      },
      "Custom Command" : "No",
      "ASCII Anti Aliased" : true,
      "Non Ascii Font" : "Monaco 12",
      "Background Color" : {
        "Red Component" : 0.03921566903591156,
        "Color Space" : "sRGB",
        "Blue Component" : 0.078431360423564911,
        "Alpha Component" : 1,
        "Green Component" : 0.05882350355386734
      },
      "Use Bold Font" : true,
      "Option Key Sends" : 0,
      "Selected Text Color" : {
        "Red Component" : 0.87843149900436401,
        "Color Space" : "sRGB",
        "Blue Component" : 0.87843137979507446,
        "Alpha Component" : 1,
        "Green Component" : 0.87843137979507446
      },
      "Vertical Spacing" : 0.94100032944277101,
      "Character Encoding" : 4,
      "Ansi 11 Color" : {
        "Red Component" : 0.14117646217346191,
        "Color Space" : "sRGB",
        "Blue Component" : 0.38039213418960571,
        "Alpha Component" : 1,
        "Green Component" : 0.32549014687538147
      },
      "Use Italic Font" : true,
      "Unlimited Scrollback" : false,
      "Keyboard Map" : {
        "0xf700-0x260000" : {
          "Text" : "[1;6A",
            "Action" : 10
        },
        "0x37-0x40000" : {
          "Text" : "0x1f",
          "Action" : 11
        },
        "0x32-0x40000" : {
          "Text" : "0x00",
          "Action" : 11
        },
        "0xf709-0x20000" : {
          "Text" : "[17;2~",
            "Action" : 10
        },
        "0xf70c-0x20000" : {
          "Text" : "[20;2~",
            "Action" : 10
        },
        "0xf729-0x20000" : {
          "Text" : "[1;2H",
            "Action" : 10
        },
        "0xf72b-0x40000" : {
          "Text" : "[1;5F",
            "Action" : 10
        },
        "0xf705-0x20000" : {
          "Text" : "[1;2Q",
            "Action" : 10
        },
        "0xf703-0x260000" : {
          "Text" : "[1;6C",
            "Action" : 10
        },
        "0xf700-0x220000" : {
          "Text" : "[1;2A",
            "Action" : 10
        },
        "0xf701-0x280000" : {
          "Text" : "0x1b 0x1b 0x5b 0x42",
          "Action" : 11
        },
        "0x38-0x40000" : {
          "Text" : "0x7f",
          "Action" : 11
        },
        "0x33-0x40000" : {
          "Text" : "0x1b",
          "Action" : 11
        },
        "0xf703-0x220000" : {
          "Text" : "[1;2C",
            "Action" : 10
        },
        "0xf701-0x240000" : {
          "Text" : "[1;5B",
            "Action" : 10
        },
        "0xf70d-0x20000" : {
          "Text" : "[21;2~",
            "Action" : 10
        },
        "0xf702-0x260000" : {
          "Text" : "[1;6D",
            "Action" : 10
        },
        "0xf729-0x40000" : {
          "Text" : "[1;5H",
            "Action" : 10
        },
        "0xf706-0x20000" : {
          "Text" : "[1;2R",
            "Action" : 10
        },
        "0x34-0x40000" : {
          "Text" : "0x1c",
          "Action" : 11
        },
        "0xf700-0x280000" : {
          "Text" : "0x1b 0x1b 0x5b 0x41",
          "Action" : 11
        },
        "0x2d-0x40000" : {
          "Text" : "0x1f",
          "Action" : 11
        },
        "0xf70e-0x20000" : {
          "Text" : "[23;2~",
            "Action" : 10
        },
        "0xf702-0x220000" : {
          "Text" : "[1;2D",
            "Action" : 10
        },
        "0xf703-0x280000" : {
          "Text" : "0x1b 0x1b 0x5b 0x43",
          "Action" : 11
        },
        "0xf700-0x240000" : {
          "Text" : "[1;5A",
            "Action" : 10
        },
        "0xf707-0x20000" : {
          "Text" : "[1;2S",
            "Action" : 10
        },
        "0xf70a-0x20000" : {
          "Text" : "[18;2~",
            "Action" : 10
        },
        "0x35-0x40000" : {
          "Text" : "0x1d",
          "Action" : 11
        },
        "0xf70f-0x20000" : {
          "Text" : "[24;2~",
            "Action" : 10
        },
        "0xf703-0x240000" : {
          "Text" : "[1;5C",
            "Action" : 10
        },
        "0xf701-0x260000" : {
          "Text" : "[1;6B",
            "Action" : 10
        },
        "0xf702-0x280000" : {
          "Text" : "0x1b 0x1b 0x5b 0x44",
          "Action" : 11
        },
        "0xf72b-0x20000" : {
          "Text" : "[1;2F",
            "Action" : 10
        },
        "0x36-0x40000" : {
          "Text" : "0x1e",
          "Action" : 11
        },
        "0xf708-0x20000" : {
          "Text" : "[15;2~",
            "Action" : 10
        },